symbol,orderType,underlyingPrice,orderLinkId,orderId,stopOrderType,execTime,feeCurrency,createType,feeRate,tradeIv,blockTradeId,markPrice,execPrice,markIv,orderQty,orderPrice,execValue,closedSize,execType,seq,side,indexPrice,leavesQty,isMaker,execFee,execId,marketUnit,execQty
MAVIAUSDT,UNKNOWN,,,8e4c739e-d01c-40ee-a83d-07a9c9096c2c,UNKNOWN,1742529600000,,,-0.00005,,,0.3415,0.3415,,0,0,68.3,0,Funding,177115097437,Sell,,0,False,-0.003415,ce4cbf45-aa93-4280-9cd0-432a77eda39c,,200
HYPEUSDT,UNKNOWN,,,4dbfe667-38b0-4c67-87d7-1d469e5d2684,UNKNOWN,1742515200000,,,0.0001,,,14.152,14.153,,0,0,990.71,0,Funding,24573981804,Buy,,0,False,0.099071,093bea95-d566-4828-a03d-6995735e36c1,,70
ETHUSDT,UNKNOWN,,,5e1e8e84-f685-451e-8208-9b317d38e344,UNKNOWN,1742515200000,,,-0.000068,,,1982.69,1982.92,,0,0,1586.336,0,Funding,239688544291,Sell,,0,False,-0.10787085,8ebafcf3-ecdd-4862-93f4-a1fe89b3792f,,0.8
MAVIAUSDT,UNKNOWN,,,262604ee-65c8-4325-9055-e9cf5877981c,UNKNOWN,1742515200000,,,-0.00005,,,0.3652,0.3652,,0,0,73.04,0,Funding,177099320581,Sell,,0,False,-0.003652,bc6b60f8-00b4-4201-8de7-e677531533a3,,200
MAVIAUSDT,UNKNOWN,,,4e6ee9b6-5870-4b37-b618-dfecaa95ebff,UNKNOWN,1742500800000,,,-0.00005,,,0.3699,0.3699,,0,0,73.98,0,Funding,177086860407,Sell,,0,False,-0.003699,eea4e561-4929-46f2-a8de-fc17bf74ab2f,,200
HYPEUSDT,Limit,,4b9484db-0e31-4afe-91ab-8b81384d3d55,8e02b7ff-a7db-46f0-82f5-49bc37831a60,UNKNOWN,1742488884760,,CreateByUser,0.0002,,,14.15,14.15,,35,14.15,495.25,0,Trade,24544493914,Buy,,0,True,0.09905,5126d3a4-13c1-5f2d-9f05-15bf38604a30,,35
DOGEUSDT,Limit,,6aa38843-37d1-4a4e-b6a0-ccb417a4fd73,81caafc3-d23b-471a-aaa9-58ccdca3771f,UNKNOWN,1742487306606,,CreateByUser,0.0002,,,0.16905,0.169,,2857,0.169,482.833,2857,Trade,219194248594,Buy,,0,True,0.0965666,2b292b3a-9d2a-52f5-9ec8-6961fee6585f,,2857
DOGEUSDT,UNKNOWN,,,84e86b2d-c797-4d46-a6fe-f277122118d6,UNKNOWN,1742486400000,,,0.000071,,,0.1696,0.16961,,0,0,484.57577,0,Funding,219190760191,Sell,,0,False,0.03482647,34c0c456-3735-44ba-9d62-6f4b8211a793,,2857
MAVIAUSDT,UNKNOWN,,,362a20c2-30e2-4138-8035-4558063012df,UNKNOWN,1742486400000,,,0.000073,,,0.3777,0.3777,,0,0,75.54,0,Funding,177063716393,Sell,,0,False,0.0055673,defc6838-411b-45c1-99cf-7986b247b271,,200
HYPEUSDT,UNKNOWN,,,c96e0515-855f-4839-9025-68b9d2e29329,UNKNOWN,1742486400000,,,0.0001,,,14.622,14.622,,0,0,511.77,0,Funding,24538172405,Buy,,0,False,0.051177,0c331dec-a84b-4179-8784-197a28eaea14,,35
ETHUSDT,UNKNOWN,,,635b02e3-e79e-4eb5-9b1e-2ee12918280d,UNKNOWN,1742486400000,,,0.000025,,,1971.71,1971.41,,0,0,1577.128,0,Funding,239478142177,Sell,,0,False,0.04095802,0c09f6b9-7f62-4178-8a24-304eee3e9761,,0.8
MAVIAUSDT,UNKNOWN,,,bb7e9aae-0785-4d22-b2fc-2d4857895843,UNKNOWN,1742472000000,,,0.000555,,,0.4104,0.4105,,0,0,82.1,0,Funding,177038062177,Sell,,0,False,0.04556633,2e38c503-5a0a-49f1-a644-8c52d3e65b83,,200
ETHUSDT,Limit,,2cb5ecfa-8b61-4f35-8c9a-4d560a440bd5,b482fbcd-c89d-4b9d-a4c4-ef518d75dba4,UNKNOWN,1742458208052,,CreateByUser,0.0002,,,2002.4,2002,,0.4,2002,800.8,0.4,Trade,239246182999,Buy,,0,True,0.16016,ec2b66ca-65b5-52a5-b736-c47a7a36bb70,,0.4
DOGEUSDT,UNKNOWN,,,225c07a8-1ab1-4df5-a3c6-d5349a35bc76,UNKNOWN,1742457600000,,,-0.00001,,,0.1741,0.1741,,0,0,497.4037,0,Funding,219115006205,Sell,,0,False,-0.00544658,a9877be8-d544-4608-834a-87aca00b5036,,2857
HYPEUSDT,UNKNOWN,,,a2dad4ce-94b0-4fa0-8428-74862d1bfbe9,UNKNOWN,1742457600000,,,0.0001,,,14.874,14.874,,0,0,520.59,0,Funding,24502758198,Buy,,0,False,0.052059,37726d91-d14e-4db9-a82a-cb6401b7fc19,,35
MAVIAUSDT,UNKNOWN,,,75413b68-e653-450a-9020-20ab5229ef9f,UNKNOWN,1742457600000,,,0.000907,,,0.4165,0.4165,,0,0,83.3,0,Funding,177019743521,Sell,,0,False,0.07561641,96c7a9b7-06f7-4337-b583-d1d3d9ae486d,,200
ETHUSDT,UNKNOWN,,,acabd564-e68d-4ad1-ac86-d8679bdae1f4,UNKNOWN,1742457600000,,,0.000073,,,2006.67,2006.45,,0,0,2407.74,0,Funding,239242351262,Sell,,0,False,0.1765355,59730dc0-4a7c-41a4-a2ba-277b31c8b4d3,,1.2
HYPEUSDT,Limit,,aad0ddec-ca50-412b-85d4-21cfab2ae025,51d39440-0a7a-47c9-b6cf-ac4ecf70f0df,UNKNOWN,1742448322398,,CreateByUser,0.0002,,,14.841,14.836,,35,14.836,519.26,0,Trade,24494547640,Buy,,0,True,0.103852,606a4829-6c6e-5081-bdf1-15b4c65cc53d,,35
MAVIAUSDT,UNKNOWN,,,90489754-777e-448f-8971-8b08b3650e8d,UNKNOWN,1742443200000,,,0.00601,,,0.4528,0.4528,,0,0,90.56,0,Funding,177004949614,Sell,,0,False,0.54428462,7e05b3ad-d00d-4e0b-a6ca-6f82fc58b73b,,200
ETHUSDT,Limit,,381a12b8-3ab8-4630-b48e-08d2a2cbaec1,bee844aa-5edf-4602-8ab4-9840f5c737f0,UNKNOWN,1742434419671,,CreateByUser,0.0002,,,2025.34,2025,,0.2,2025,405,0.2,Trade,239077031350,Buy,,0,True,0.081,0e4f1aa7-29a2-53d5-9c9e-ad79f398b258,,0.2
MAVIAUSDT,Market,,a4d2b722-d990-4a5f-94ac-d906783da0d3,56d738a6-85d2-4e6f-bc3f-6d75f672340e,UNKNOWN,1742433137367,,CreateByUser,0.00055,,,0.4737,0.4734,,200,0.5447,10.60416,22.4,Trade,176993144857,Buy,,0,False,0.00583229,7ce67074-aae9-5d54-bc0d-584da0bddb58,,22.4
MAVIAUSDT,Market,,a4d2b722-d990-4a5f-94ac-d906783da0d3,56d738a6-85d2-4e6f-bc3f-6d75f672340e,UNKNOWN,1742433137367,,CreateByUser,0.00055,,,0.4737,0.4734,,200,0.5447,63.57762,134.3,Trade,176993144857,Buy,,22.4,False,0.0349677,705e7525-da81-5f57-bd9a-e741120c2bff,,134.3
MAVIAUSDT,Market,,a4d2b722-d990-4a5f-94ac-d906783da0d3,56d738a6-85d2-4e6f-bc3f-6d75f672340e,UNKNOWN,1742433137367,,CreateByUser,0.00055,,,0.4737,0.4734,,200,0.5447,14.95944,31.6,Trade,176993144857,Buy,,156.7,False,0.0082277,af0d76d0-07a2-5d4d-b13c-c713efaa5aea,,31.6
MAVIAUSDT,Market,,a4d2b722-d990-4a5f-94ac-d906783da0d3,56d738a6-85d2-4e6f-bc3f-6d75f672340e,UNKNOWN,1742433137367,,CreateByUser,0.00055,,,0.4737,0.4734,,200,0.5447,5.53878,11.7,Trade,176993144857,Buy,,188.3,False,0.00304633,ede550c7-e149-5d32-9ed2-c8a8a5c26684,,11.7
ETHUSDT,Market,,f79ebf80-5bc3-4675-a392-48a1444455b1,f980bac5-c177-4b04-8620-f10d9d305e75,UNKNOWN,1742432795648,,CreateByUser,0.00055,,,2036.78,2036.77,,0.2,2077.51,407.354,0.2,Trade,239064151722,Buy,,0,False,0.2240447,5d595d7b-efb9-5891-88e5-d4424ec9855b,,0.2
DOGEUSDT,Limit,,a4cf23f0-aeee-4aa6-a707-b54613716b83,18be0271-d511-4e17-82db-8cb67891b8a7,UNKNOWN,1742429047426,,CreateByUser,0.0002,,,0.17845,0.179,,2857,0.179,511.403,0,Trade,219061325548,Sell,,0,True,0.1022806,a3e183b6-1a0e-5087-ae39-1362b47a35df,,2857
MAVIAUSDT,UNKNOWN,,,d3281761-b0b9-46e1-a11b-470db65a2e59,UNKNOWN,1742428800000,,,0.00257,,,0.4516,0.4516,,0,0,180.64,0,Funding,176983833097,Sell,,0,False,0.46435138,23d30ee3-009c-4bcb-86f2-99937983654d,,400
ETHUSDT,UNKNOWN,,,29ac5dd7-8e85-4d01-8d2f-dd16b6cd32f4,UNKNOWN,1742428800000,,,-0.000055,,,2055.03,2055.34,,0,0,3288.544,0,Funding,239028797223,Sell,,0,False,-0.18264574,60052dbc-481a-481f-aa55-e5ae89e02e3e,,1.6
HYPEUSDT,Limit,,6ee0fce2-eec0-40f2-9c5a-f75f0677db92,07229b18-a822-47e6-8b78-e788ea528662,UNKNOWN,1742426849299,,CreateByUser,0.0002,,,15.683,15.7,,18,15.7,279.931,17.83,Trade,24472259794,Sell,,0,True,0.0559862,2ffe22b7-1069-5da3-a11f-c092c2254f33,,17.83
HYPEUSDT,Limit,,6ee0fce2-eec0-40f2-9c5a-f75f0677db92,07229b18-a822-47e6-8b78-e788ea528662,UNKNOWN,1742426849298,,CreateByUser,0.0002,,,15.681,15.7,,18,15.7,2.669,0.17,Trade,24472259791,Sell,,17.83,True,0.0005338,74d9cd1a-a761-5659-9113-b413d52b6952,,0.17
MAVIAUSDT,UNKNOWN,,,20c0ab80-a1a9-44a1-8642-3cc2c6b5f71e,UNKNOWN,1742414400000,,,0.00052,,,0.4548,0.4548,,0,0,181.92,0,Funding,176964357913,Sell,,0,False,0.09476213,9db36b4c-be89-453d-8f9a-b5b0b666636a,,400
ETHUSDT,Limit,,,b80be1bb-f86c-47f6-a665-eb4ce81d33d8,UNKNOWN,1742407216191,,CreateByUser,0.0002,,,2046.81,2057,,0.8,2057,761.09,0,Trade,238842176115,Sell,,0,True,0.152218,91e91bf0-fd05-561c-882a-ff97920ee68c,,0.37
ETHUSDT,Limit,,,b80be1bb-f86c-47f6-a665-eb4ce81d33d8,UNKNOWN,1742407216191,,CreateByUser,0.0002,,,2046.81,2057,,0.8,2057,205.7,0,Trade,238842176114,Sell,,0.37,True,0.04114,2019ab11-a9ba-5327-ae49-ba2c33441809,,0.1
ETHUSDT,Limit,,,b80be1bb-f86c-47f6-a665-eb4ce81d33d8,UNKNOWN,1742407216191,,CreateByUser,0.0002,,,2046.81,2057,,0.8,2057,678.81,0,Trade,238842176113,Sell,,0.47,True,0.135762,cdf57a4e-be2b-5111-9202-3d1d193d013f,,0.33
MAVIAUSDT,UNKNOWN,,,eaefe57b-1896-4dc7-9c2a-68f2655fb95d,UNKNOWN,1742400000000,,,-0.00005,,,0.4538,0.4538,,0,0,181.52,0,Funding,176925339013,Sell,,0,False,-0.009076,b95da766-4b89-435c-b569-21999ef66792,,400
HYPEUSDT,UNKNOWN,,,22f58e13-7db8-481d-bc99-6a605a7f92a1,UNKNOWN,1742400000000,,,0.0001,,,15.103,15.103,,0,0,271.854,0,Funding,24431934499,Buy,,0,False,0.0271854,495a66d9-0e55-47a5-8339-3d3db6387806,,18
ETHUSDT,UNKNOWN,,,90f48643-b56a-45f0-91f4-4ea3e881d118,UNKNOWN,1742400000000,,,-0.0001,,,2048.14,2048.03,,0,0,1638.424,0,Funding,238777659036,Sell,,0,False,-0.1638424,e6432096-1574-4adb-bca8-048d68305897,,0.8
MAVIAUSDT,Limit,,cfa5d347-f3b4-4c98-86ff-949ec9746f08,21c15c55-912b-43b6-a9df-b5d6149c0b30,UNKNOWN,1742398330639,,CreateByUser,0.0002,,,0.4509,0.45,,114.2,0.45,51.39,114.2,Trade,176921674989,Buy,,0,True,0.010278,617ee1d4-00a8-5c08-818e-eb83b62d137b,,114.2
MAVIAUSDT,Limit,,6952825f-6bba-4c22-9249-0f530ab43d8e,ec4370ae-6c07-4a51-adeb-6d02a52d34fa,UNKNOWN,1742397923690,,CreateByUser,0.0002,,,0.4603,0.46,,114.3,0.46,52.578,114.3,Trade,176920877649,Buy,,0,True,0.0105156,516850c0-168e-5d6c-bbc2-50fcdc4888d3,,114.3
MAVIAUSDT,Limit,,2e04f4f4-b5bf-4bf1-946b-b3569bcbf18e,976572e1-8df9-426a-b7b5-7ba74cc001ec,UNKNOWN,1742394615081,,CreateByUser,0.0002,,,0.4701,0.47,,114.3,0.47,53.721,114.3,Trade,176913107823,Buy,,0,True,0.0107442,38491b56-2d64-58a1-bc24-bced6d9187c3,,114.3
ETHUSDT,Market,,a615cf0e-6fd6-46ba-929c-d8ab4eb71001,ac71badb-515d-4bd8-9569-aa9da1842327,UNKNOWN,1742393714323,,CreateByUser,0.00055,,,2026.02,2026.03,,0.8,2066.54,1620.824,0.8,Trade,238717947983,Buy,,0,False,0.8914532,f096b941-af09-555b-bf08-e0fb8a30d630,,0.8
MAVIAUSDT,Limit,,67f2e8b7-00fc-4e6e-80d8-b0078e92dbaa,8861f9de-e6c6-4bc2-955a-84371a67e525,UNKNOWN,1742390035371,,CreateByUser,0.0002,,,0.4809,0.48,,114.3,0.48,54.864,114.3,Trade,176892229617,Buy,,0,True,0.0109728,79fa6fb1-743a-53f2-beb7-9c10db20c55d,,114.3
MAVIAUSDT,Limit,,dfec3dc6-a41a-4af3-8ab0-f5311a8b6954,28312147-e034-4032-9e91-5c34223037ff,UNKNOWN,1742387737872,,CreateByUser,0.0002,,,0.4909,0.49,,114.3,0.49,56.007,114.3,Trade,176884497833,Buy,,0,True,0.0112014,89ac7302-35a7-5878-a54b-e4eddc8f9e37,,114.3
MAVIAUSDT,Limit,,38ccb21a-4e81-405b-9046-851313f03d65,8d50899d-cf53-4969-8f88-b7c631da5888,UNKNOWN,1742386427345,,CreateByUser,0.0002,,,0.5024,0.5,,114.3,0.5,57.15,114.3,Trade,176881247470,Buy,,0,True,0.01143,3e951d14-9b42-530f-8d4c-975173738d87,,114.3
MAVIAUSDT,UNKNOWN,,,b928ffa9-b41e-4a30-a3df-3d56679e24cf,UNKNOWN,1742385600000,,,0.003906,,,0.5159,0.5159,,0,0,560.11263,0,Funding,176879062915,Sell,,0,False,2.1880912,0befb323-0a6d-4cd3-b18b-2b811f5c8fd1,,1085.7
ETHUSDT,Limit,,5d6020f4-a995-42a9-95fd-f56b4424b7cd,6160aeb4-2c27-49f4-9379-0cbf9aeedafa,UNKNOWN,1742383601997,,CreateByUser,0.0002,,,2018.63,2025,,0.14,2025,283.5,0,Trade,238614796717,Sell,,0,True,0.0567,d34128d5-a9f7-57b7-bf68-ac3ac3480e57,,0.14
ETHUSDT,Limit,,260fcf50-4858-4158-b5b4-d60f7705f6f5,dee3a0ed-ce00-4297-ba38-39ddc817a499,UNKNOWN,1742382862885,,CreateByUser,0.0002,,,2009.92,2020,,0.15,2020,303,0,Trade,238606944704,Sell,,0,True,0.0606,c3e34fd1-4ac9-5483-beb2-9df32f99d2b9,,0.15
ETHUSDT,Limit,,2e06812c-69bb-4a60-9bb9-c9fa8a6e25e3,2031aaef-79b2-4830-9ba4-a8bd72596f1a,UNKNOWN,1742382861741,,CreateByUser,0.0002,,,2004.05,2015,,0.15,2015,302.25,0,Trade,238606903378,Sell,,0,True,0.06045,ece6666a-dcb3-5e45-bddb-c4e4f34fe55a,,0.15
ETHUSDT,Limit,,ccc27607-6f89-42ea-95b5-be62444fae0a,eb4aca03-f458-4caf-a7a6-1fa6f036e92e,UNKNOWN,1742382861504,,CreateByUser,0.0002,,,2004.05,2010,,0.14,2010,281.4,0,Trade,238606892175,Sell,,0,True,0.05628,54286d77-2509-52f3-9835-ef778b5ebe6c,,0.14
ETHUSDT,Limit,,1d033980-6b1f-493c-a6c2-de0258c2304f,48639425-c39b-472d-8dda-aa3b80f791b7,UNKNOWN,1742382860606,,CreateByUser,0.0002,,,2000.44,2005,,0.15,2005,300.75,0,Trade,238606856229,Sell,,0,True,0.06015,a9677ed8-6b5c-5d14-a4d5-829a095d804a,,0.15
ETHUSDT,Limit,,11b49bb5-1f4b-4449-91bc-f20fe06e99f4,b09be5f9-eff9-46a5-9951-102e6f83f4b4,UNKNOWN,1742382859374,,CreateByUser,0.0002,,,1995.55,2000,,0.14,2000,280,0,Trade,238606814762,Sell,,0,True,0.056,d3fb245d-6210-5f6c-8f13-765dc551c81d,,0.14
ETHUSDT,Limit,,5e284f97-3a57-4069-8efc-c4d4b594bb3c,a8b8a856-7156-426c-9723-f87ee5d4798b,UNKNOWN,1742382626992,,CreateByUser,0.0002,,,1989.45,1995,,0.15,1995,299.25,0,Trade,238604408555,Sell,,0,True,0.05985,9e9778d9-dfc7-5dd7-a7b6-5c23b47d86d5,,0.15
ETHUSDT,Limit,,d3e68fc4-7037-4733-8c86-797e4db2824f,b32d0b6d-c926-40ab-8945-565aa7da7f65,UNKNOWN,1742382624496,,CreateByUser,0.0002,,,1988.41,1990,,0.15,1990,298.5,0,Trade,238604337206,Sell,,0,True,0.0597,c9d5e3e4-743d-5c6d-9688-fc3357a911b4,,0.15
ETHUSDT,Limit,,47a874b0-f64a-443a-bbc9-8d10563c9356,d06a51b3-846d-4102-85f0-cb4968314e73,UNKNOWN,1742380284242,,CreateByUser,0.0002,,,1983.84,1985,,0.14,1985,277.9,0,Trade,238581051303,Sell,,0,True,0.05558,1f5a5dea-41e5-54d5-a3ef-37cb3ec40c10,,0.14
ETHUSDT,Limit,,b1684649-ee50-44c5-8b25-6dc5aa745e7c,f7fe8fc8-cf12-43db-999d-71ca817ed27a,UNKNOWN,1742380278162,,CreateByUser,0.0002,,,1975.21,1980,,0.15,1980,297,0,Trade,238580896675,Sell,,0,True,0.0594,8faadeb3-4beb-5763-9670-a0115092a72b,,0.15
ETHUSDT,Limit,,bb1bd1cb-cca1-486f-a49f-2fbcd7c9574e,50b89ecb-1889-43e7-89b6-ee22eb3c9f82,UNKNOWN,1742380276810,,CreateByUser,0.0002,,,1971.62,1975,,0.14,1975,276.5,0,Trade,238580862065,Sell,,0,True,0.0553,1de7b764-e079-508c-976a-f2f129d25453,,0.14
MAVIAUSDT,UNKNOWN,,,48e45dc0-b6e0-4609-8d89-4dc86438ff3b,UNKNOWN,1742371200000,,,0.003973,,,0.5135,0.5137,,0,0,557.72409,0,Funding,176846619083,Sell,,0,False,2.21629515,b0dff2fb-1152-4c78-b1c4-0e02fd6a783d,,1085.7
HYPEUSDT,UNKNOWN,,,d5837d91-8c91-40f3-b096-a6841a41098a,UNKNOWN,1742371200000,,,0.0001,,,14.293,14.291,,0,0,257.238,0,Funding,24388283091,Buy,,0,False,0.0257238,d6a604a9-ab90-44b7-81a8-40fb31ea5923,,18
MAVIAUSDT,Limit,,50b1bbb5-a779-4e1e-bcb2-aa35f857ebe1,480b9a94-eab5-41cc-b921-c0770d9a9302,UNKNOWN,1742369452552,,CreateByUser,0.0002,,,0.5106,0.51,,114.3,0.51,58.293,114.3,Trade,176843867633,Buy,,0,True,0.0116586,30ee0c87-1dc0-58d4-8c50-bed150ef3d90,,114.3
MAVIAUSDT,UNKNOWN,,,886fb620-4e34-440f-b030-870c5982c3b2,UNKNOWN,1742356800000,,,0.011769,,,0.6108,0.6108,,0,0,732.96,0,Funding,176826835695,Sell,,0,False,8.62682926,9f7951ac-1ce6-403f-a6fb-914f054eeb13,,1200
MAVIAUSDT,Market,,f991c62f-0577-463b-ab4f-6f9e52e64100,2aa0be35-f6fe-4742-83b3-6d2686818beb,UNKNOWN,1742351255584,,CreateByUser,0.00055,,,0.597,0.5966,,1200,0.5075,96.76852,0,Trade,176818945350,Sell,,0,False,0.05322269,fa85f749-81e3-56bb-831b-0aee58e6029d,,162.2
MAVIAUSDT,Market,,f991c62f-0577-463b-ab4f-6f9e52e64100,2aa0be35-f6fe-4742-83b3-6d2686818beb,UNKNOWN,1742351255584,,CreateByUser,0.00055,,,0.597,0.5966,,1200,0.5075,209.88388,0,Trade,176818945350,Sell,,162.2,False,0.11543614,62ca6ec2-926a-56a7-99a1-98746d96fb17,,351.8
MAVIAUSDT,Market,,f991c62f-0577-463b-ab4f-6f9e52e64100,2aa0be35-f6fe-4742-83b3-6d2686818beb,UNKNOWN,1742351255584,,CreateByUser,0.00055,,,0.597,0.5966,,1200,0.5075,5.54838,0,Trade,176818945350,Sell,,514,False,0.00305161,f8fe479a-9d71-5f1d-86cf-15cc81f00824,,9.3
MAVIAUSDT,Market,,f991c62f-0577-463b-ab4f-6f9e52e64100,2aa0be35-f6fe-4742-83b3-6d2686818beb,UNKNOWN,1742351255584,,CreateByUser,0.00055,,,0.597,0.5966,,1200,0.5075,13.00588,0,Trade,176818945350,Sell,,523.3,False,0.00715324,0399712c-a802-5508-a484-66a7ec3cd14c,,21.8
MAVIAUSDT,Market,,f991c62f-0577-463b-ab4f-6f9e52e64100,2aa0be35-f6fe-4742-83b3-6d2686818beb,UNKNOWN,1742351255584,,CreateByUser,0.00055,,,0.597,0.5966,,1200,0.5075,3.2813,0,Trade,176818945350,Sell,,545.1,False,0.00180472,173a9bd6-ca99-5616-992d-3c37957ac3e9,,5.5
MAVIAUSDT,Market,,f991c62f-0577-463b-ab4f-6f9e52e64100,2aa0be35-f6fe-4742-83b3-6d2686818beb,UNKNOWN,1742351255584,,CreateByUser,0.00055,,,0.597,0.5966,,1200,0.5075,0.2983,0,Trade,176818945350,Sell,,550.6,False,0.00016407,942fa462-3d64-5c51-a499-0db42f6d4a0f,,0.5
MAVIAUSDT,Market,,f991c62f-0577-463b-ab4f-6f9e52e64100,2aa0be35-f6fe-4742-83b3-6d2686818beb,UNKNOWN,1742351255584,,CreateByUser,0.00055,,,0.597,0.5966,,1200,0.5075,10.61948,0,Trade,176818945350,Sell,,551.1,False,0.00584072,ba6e619c-4e58-5b96-9756-b3879ed53bb8,,17.8
MAVIAUSDT,Market,,f991c62f-0577-463b-ab4f-6f9e52e64100,2aa0be35-f6fe-4742-83b3-6d2686818beb,UNKNOWN,1742351255584,,CreateByUser,0.00055,,,0.597,0.5966,,1200,0.5075,1.1932,0,Trade,176818945350,Sell,,568.9,False,0.00065626,a16b38fa-cc65-5abe-9ee4-a8059f659aea,,2
MAVIAUSDT,Market,,f991c62f-0577-463b-ab4f-6f9e52e64100,2aa0be35-f6fe-4742-83b3-6d2686818beb,UNKNOWN,1742351255584,,CreateByUser,0.00055,,,0.597,0.5967,,1200,0.5075,7.51842,0,Trade,176818945350,Sell,,570.9,False,0.00413514,f432e900-8e0c-579e-8f21-21ad19fee2ea,,12.6
MAVIAUSDT,Market,,f991c62f-0577-463b-ab4f-6f9e52e64100,2aa0be35-f6fe-4742-83b3-6d2686818beb,UNKNOWN,1742351255584,,CreateByUser,0.00055,,,0.597,0.5967,,1200,0.5075,148.81698,0,Trade,176818945350,Sell,,583.5,False,0.08184934,1a212e2b-0701-5b2f-b63b-45ec400706b4,,249.4
MAVIAUSDT,Market,,f991c62f-0577-463b-ab4f-6f9e52e64100,2aa0be35-f6fe-4742-83b3-6d2686818beb,UNKNOWN,1742351255584,,CreateByUser,0.00055,,,0.597,0.5967,,1200,0.5075,57.64122,0,Trade,176818945350,Sell,,832.9,False,0.03170268,b735ce61-2742-556c-8dad-3bc32169e65c,,96.6
MAVIAUSDT,Market,,f991c62f-0577-463b-ab4f-6f9e52e64100,2aa0be35-f6fe-4742-83b3-6d2686818beb,UNKNOWN,1742351255584,,CreateByUser,0.00055,,,0.597,0.5967,,1200,0.5075,25.6581,0,Trade,176818945350,Sell,,929.5,False,0.01411196,200de3c8-ae2c-596c-8c6c-e120cd91ba67,,43
MAVIAUSDT,Market,,f991c62f-0577-463b-ab4f-6f9e52e64100,2aa0be35-f6fe-4742-83b3-6d2686818beb,UNKNOWN,1742351255584,,CreateByUser,0.00055,,,0.597,0.5968,,1200,0.5075,7.51968,0,Trade,176818945350,Sell,,972.5,False,0.00413583,508112bf-55af-553d-92de-d0df22c04b7e,,12.6
MAVIAUSDT,Market,,f991c62f-0577-463b-ab4f-6f9e52e64100,2aa0be35-f6fe-4742-83b3-6d2686818beb,UNKNOWN,1742351255584,,CreateByUser,0.00055,,,0.597,0.5968,,1200,0.5075,122.70208,0,Trade,176818945350,Sell,,985.1,False,0.06748615,9b6f0528-8055-5720-9667-8f5cff37a210,,205.6
MAVIAUSDT,Market,,f991c62f-0577-463b-ab4f-6f9e52e64100,2aa0be35-f6fe-4742-83b3-6d2686818beb,UNKNOWN,1742351255584,,CreateByUser,0.00055,,,0.597,0.5968,,1200,0.5075,5.55024,0,Trade,176818945350,Sell,,1190.7,False,0.00305264,6dae17d0-10ef-5847-afdd-931a6ce47c71,,9.3
HYPEUSDT,UNKNOWN,,,d2be4cff-637b-40ff-880f-3902873edb64,UNKNOWN,1742342400000,,,0.0001,,,14.165,14.165,,0,0,254.97,0,Funding,24356022679,Buy,,0,False,0.025497,7857b221-9c54-4cc0-9bb2-d3c17ab39052,,18
HYPEUSDT,UNKNOWN,,,dd6e5b21-372c-4cbb-8a1f-43af3d42bd2a,UNKNOWN,1742313600000,,,0.0001,,,13.236,13.236,,0,0,238.248,0,Funding,24320797366,Buy,,0,False,0.0238248,42643728-f738-4c53-8e6f-08b4fb318549,,18
HYPEUSDT,UNKNOWN,,,387df19c-ba80-4384-ac1b-71cc8dd0ee62,UNKNOWN,1742284800000,,,0.0001,,,13.342,13.342,,0,0,240.156,0,Funding,24276722829,Buy,,0,False,0.0240156,9d5063a3-4153-4b3f-9e46-75c9f41c0ce3,,18
HYPEUSDT,UNKNOWN,,,1505576d-5f9c-4ab8-a569-5e7b9be4e719,UNKNOWN,1742256000000,,,0.0001,,,13.266,13.268,,0,0,238.824,0,Funding,24234734320,Buy,,0,False,0.0238824,2b0d9a18-a701-4676-abe9-a92f768edc88,,18
HYPEUSDT,Limit,,eb8f0f2b-d59a-439f-9580-a07f911b8294,5cd17c16-48aa-4988-8e1c-c806f960fa17,UNKNOWN,1742227775646,,CreateByUser,0.0002,,,13.789,13.8,,9,13.8,124.2,9,Trade,24202382036,Sell,,0,True,0.02484,7bb7b95c-4059-5a79-a4a8-e6e17b5a2ab0,,9
HYPEUSDT,UNKNOWN,,,3455b2e1-033f-429d-b903-18dba744fc0f,UNKNOWN,1742227200000,,,0.0001,,,13.695,13.695,,0,0,369.765,0,Funding,24201324478,Buy,,0,False,0.0369765,1eff8d8f-26be-4708-a960-ad5c29ae9dcd,,27
FXSUSDT,Market,,f46306f0-3b06-467b-9f74-a660f611cebe,2fb6aefa-702f-4b59-a096-b158743fe236,UNKNOWN,1742223678968,,CreateByUser,0.00055,,,1.9433,1.9434,,800,2.0404,116.293056,59.84,Trade,197725501924,Buy,,0,False,0.06396119,8b111fe6-3634-564d-9015-d5857a2ae1cf,,59.84
FXSUSDT,Market,,f46306f0-3b06-467b-9f74-a660f611cebe,2fb6aefa-702f-4b59-a096-b158743fe236,UNKNOWN,1742223678968,,CreateByUser,0.00055,,,1.9433,1.9434,,800,2.0404,7.501524,3.86,Trade,197725501924,Buy,,59.84,False,0.00412584,34bfaac3-e36c-5eed-99b4-56740ff4ef26,,3.86
FXSUSDT,Market,,f46306f0-3b06-467b-9f74-a660f611cebe,2fb6aefa-702f-4b59-a096-b158743fe236,UNKNOWN,1742223678968,,CreateByUser,0.00055,,,1.9433,1.9433,,800,2.0404,7.520571,3.87,Trade,197725501924,Buy,,63.7,False,0.00413632,cfaf6161-4add-578e-a546-faa4b24f63c2,,3.87
FXSUSDT,Market,,f46306f0-3b06-467b-9f74-a660f611cebe,2fb6aefa-702f-4b59-a096-b158743fe236,UNKNOWN,1742223678968,,CreateByUser,0.00055,,,1.9433,1.9433,,800,2.0404,150.042193,77.21,Trade,197725501924,Buy,,67.57,False,0.08252321,e4098db3-e7b6-5a0a-bd5b-c03cbf6e8eb8,,77.21
FXSUSDT,Market,,f46306f0-3b06-467b-9f74-a660f611cebe,2fb6aefa-702f-4b59-a096-b158743fe236,UNKNOWN,1742223678968,,CreateByUser,0.00055,,,1.9433,1.9433,,800,2.0404,10.007995,5.15,Trade,197725501924,Buy,,144.78,False,0.0055044,97a1f80d-6149-5392-86eb-1b00b30c255f,,5.15
FXSUSDT,Market,,f46306f0-3b06-467b-9f74-a660f611cebe,2fb6aefa-702f-4b59-a096-b158743fe236,UNKNOWN,1742223678968,,CreateByUser,0.00055,,,1.9433,1.9433,,800,2.0404,178.628136,91.92,Trade,197725501924,Buy,,149.93,False,0.09824548,a8bd7205-b737-5ee9-9bb1-f0c57584112a,,91.92
FXSUSDT,Market,,f46306f0-3b06-467b-9f74-a660f611cebe,2fb6aefa-702f-4b59-a096-b158743fe236,UNKNOWN,1742223678968,,CreateByUser,0.00055,,,1.9433,1.9433,,800,2.0404,118.774496,61.12,Trade,197725501924,Buy,,241.85,False,0.06532598,23839968-b14a-5b1d-a450-6518d76c9a9d,,61.12
FXSUSDT,Market,,f46306f0-3b06-467b-9f74-a660f611cebe,2fb6aefa-702f-4b59-a096-b158743fe236,UNKNOWN,1742223678968,,CreateByUser,0.00055,,,1.9433,1.9432,,800,2.0404,118.690656,61.08,Trade,197725501924,Buy,,302.97,False,0.06527987,3f8da36c-8bf7-55a1-bda1-a44b46d4f885,,61.08
FXSUSDT,Market,,f46306f0-3b06-467b-9f74-a660f611cebe,2fb6aefa-702f-4b59-a096-b158743fe236,UNKNOWN,1742223678968,,CreateByUser,0.00055,,,1.9433,1.9432,,800,2.0404,178.502352,91.86,Trade,197725501924,Buy,,364.05,False,0.0981763,267f6c98-9ee3-5543-ae56-a6a060166f22,,91.86
FXSUSDT,Market,,f46306f0-3b06-467b-9f74-a660f611cebe,2fb6aefa-702f-4b59-a096-b158743fe236,UNKNOWN,1742223678968,,CreateByUser,0.00055,,,1.9433,1.9432,,800,2.0404,10.00748,5.15,Trade,197725501924,Buy,,455.91,False,0.00550412,e76f60d5-ca3c-5766-9c02-0df61d715d03,,5.15
FXSUSDT,Market,,f46306f0-3b06-467b-9f74-a660f611cebe,2fb6aefa-702f-4b59-a096-b158743fe236,UNKNOWN,1742223678968,,CreateByUser,0.00055,,,1.9433,1.9432,,800,2.0404,7.520184,3.87,Trade,197725501924,Buy,,461.06,False,0.00413611,697f32ee-736d-588e-b0c0-dedce3346654,,3.87
FXSUSDT,Market,,f46306f0-3b06-467b-9f74-a660f611cebe,2fb6aefa-702f-4b59-a096-b158743fe236,UNKNOWN,1742223678968,,CreateByUser,0.00055,,,1.9433,1.9431,,800,2.0404,49.957101,25.71,Trade,197725501924,Buy,,464.93,False,0.02747641,1753fa18-124d-57fe-958c-fd61e8235831,,25.71
FXSUSDT,Market,,f46306f0-3b06-467b-9f74-a660f611cebe,2fb6aefa-702f-4b59-a096-b158743fe236,UNKNOWN,1742223678968,,CreateByUser,0.00055,,,1.9433,1.9431,,800,2.0404,10.006965,5.15,Trade,197725501924,Buy,,490.64,False,0.00550384,dbd5a193-cca3-57e9-9d61-ee99e3748e64,,5.15
FXSUSDT,Market,,f46306f0-3b06-467b-9f74-a660f611cebe,2fb6aefa-702f-4b59-a096-b158743fe236,UNKNOWN,1742223678968,,CreateByUser,0.00055,,,1.9433,1.943,,800,2.0404,49.95453,25.71,Trade,197725501924,Buy,,495.79,False,0.027475,61cd0c0b-d727-5d88-ab3e-9d21fe659c10,,25.71
FXSUSDT,Market,,f46306f0-3b06-467b-9f74-a660f611cebe,2fb6aefa-702f-4b59-a096-b158743fe236,UNKNOWN,1742223678968,,CreateByUser,0.00055,,,1.9433,1.943,,800,2.0404,10.00645,5.15,Trade,197725501924,Buy,,521.5,False,0.00550355,320287aa-ca53-5617-859d-deb30044ef84,,5.15
FXSUSDT,Market,,f46306f0-3b06-467b-9f74-a660f611cebe,2fb6aefa-702f-4b59-a096-b158743fe236,UNKNOWN,1742223678968,,CreateByUser,0.00055,,,1.9433,1.943,,800,2.0404,7.51941,3.87,Trade,197725501924,Buy,,526.65,False,0.00413568,188771b7-24cc-5354-8c7c-b15c1169a43b,,3.87
FXSUSDT,Market,,f46306f0-3b06-467b-9f74-a660f611cebe,2fb6aefa-702f-4b59-a096-b158743fe236,UNKNOWN,1742223678968,,CreateByUser,0.00055,,,1.9433,1.9429,,800,2.0404,10.005935,5.15,Trade,197725501924,Buy,,530.52,False,0.00550327,59263f09-fe97-5a48-bb8e-b76fedaf31ae,,5.15
FXSUSDT,Market,,f46306f0-3b06-467b-9f74-a660f611cebe,2fb6aefa-702f-4b59-a096-b158743fe236,UNKNOWN,1742223678968,,CreateByUser,0.00055,,,1.9433,1.9428,,800,2.0404,7.518636,3.87,Trade,197725501924,Buy,,535.67,False,0.00413525,5f152b98-602a-571c-9777-ef6612954918,,3.87
FXSUSDT,Market,,f46306f0-3b06-467b-9f74-a660f611cebe,2fb6aefa-702f-4b59-a096-b158743fe236,UNKNOWN,1742223678968,,CreateByUser,0.00055,,,1.9433,1.9428,,800,2.0404,4.992996,2.57,Trade,197725501924,Buy,,539.54,False,0.00274615,70ea1a26-5ef8-5324-83ac-aeb43fbdf537,,2.57
FXSUSDT,Market,,f46306f0-3b06-467b-9f74-a660f611cebe,2fb6aefa-702f-4b59-a096-b158743fe236,UNKNOWN,1742223678968,,CreateByUser,0.00055,,,1.9433,1.9428,,800,2.0404,10.00542,5.15,Trade,197725501924,Buy,,542.11,False,0.00550299,8440d470-9bb1-5798-b9dd-c37253fc987e,,5.15
FXSUSDT,Market,,f46306f0-3b06-467b-9f74-a660f611cebe,2fb6aefa-702f-4b59-a096-b158743fe236,UNKNOWN,1742223678968,,CreateByUser,0.00055,,,1.9433,1.9427,,800,2.0404,10.004905,5.15,Trade,197725501924,Buy,,547.26,False,0.0055027,96ea77cb-7180-5818-81d8-8ad5233dfcda,,5.15
FXSUSDT,Market,,f46306f0-3b06-467b-9f74-a660f611cebe,2fb6aefa-702f-4b59-a096-b158743fe236,UNKNOWN,1742223678968,,CreateByUser,0.00055,,,1.9433,1.9426,,800,2.0404,7.517862,3.87,Trade,197725501924,Buy,,552.41,False,0.00413483,76e96d41-7621-5ad8-ad95-8816103bdadf,,3.87
FXSUSDT,Market,,f46306f0-3b06-467b-9f74-a660f611cebe,2fb6aefa-702f-4b59-a096-b158743fe236,UNKNOWN,1742223678968,,CreateByUser,0.00055,,,1.9433,1.9426,,800,2.0404,4.992482,2.57,Trade,197725501924,Buy,,556.28,False,0.00274587,be499635-be9e-5f65-b4e8-1afe26e4d6d1,,2.57
FXSUSDT,Market,,f46306f0-3b06-467b-9f74-a660f611cebe,2fb6aefa-702f-4b59-a096-b158743fe236,UNKNOWN,1742223678968,,CreateByUser,0.00055,,,1.9433,1.9426,,800,2.0404,10.00439,5.15,Trade,197725501924,Buy,,558.85,False,0.00550242,b0410514-3463-5b50-98f2-0c94b5e63f53,,5.15
FXSUSDT,Market,,f46306f0-3b06-467b-9f74-a660f611cebe,2fb6aefa-702f-4b59-a096-b158743fe236,UNKNOWN,1742223678968,,CreateByUser,0.00055,,,1.9433,1.9425,,800,2.0404,38.1507,19.64,Trade,197725501924,Buy,,564,False,0.02098289,a7da3fc7-519d-559c-8a12-a4dcb812d9c9,,19.64
FXSUSDT,Market,,f46306f0-3b06-467b-9f74-a660f611cebe,2fb6aefa-702f-4b59-a096-b158743fe236,UNKNOWN,1742223678968,,CreateByUser,0.00055,,,1.9433,1.9425,,800,2.0404,38.1507,19.64,Trade,197725501924,Buy,,583.64,False,0.02098289,649c8d12-0660-5399-aa83-3c4f6e65638a,,19.64
FXSUSDT,Market,,f46306f0-3b06-467b-9f74-a660f611cebe,2fb6aefa-702f-4b59-a096-b158743fe236,UNKNOWN,1742223678968,,CreateByUser,0.00055,,,1.9433,1.9425,,800,2.0404,38.1507,19.64,Trade,197725501924,Buy,,603.28,False,0.02098289,957e5060-3949-5287-8e0a-8675865990ea,,19.64
FXSUSDT,Market,,f46306f0-3b06-467b-9f74-a660f611cebe,2fb6aefa-702f-4b59-a096-b158743fe236,UNKNOWN,1742223678968,,CreateByUser,0.00055,,,1.9433,1.9425,,800,2.0404,38.1507,19.64,Trade,197725501924,Buy,,622.92,False,0.02098289,07ad9d15-070b-5397-96be-3b13e70271c2,,19.64
FXSUSDT,Market,,f46306f0-3b06-467b-9f74-a660f611cebe,2fb6aefa-702f-4b59-a096-b158743fe236,UNKNOWN,1742223678968,,CreateByUser,0.00055,,,1.9433,1.9425,,800,2.0404,2.4864,1.28,Trade,197725501924,Buy,,642.56,False,0.00136752,bd24cf9e-5668-50b8-b55f-1ce8db2b52ca,,1.28
FXSUSDT,Market,,f46306f0-3b06-467b-9f74-a660f611cebe,2fb6aefa-702f-4b59-a096-b158743fe236,UNKNOWN,1742223678968,,CreateByUser,0.00055,,,1.9433,1.9425,,800,2.0404,36.63555,18.86,Trade,197725501924,Buy,,643.84,False,0.02014956,4c765987-179f-57a1-a8ff-8fff698d4ecb,,18.86
FXSUSDT,Market,,f46306f0-3b06-467b-9f74-a660f611cebe,2fb6aefa-702f-4b59-a096-b158743fe236,UNKNOWN,1742223678968,,CreateByUser,0.00055,,,1.9433,1.9425,,800,2.0404,25.3302,13.04,Trade,197725501924,Buy,,662.7,False,0.01393161,5ec5093d-9e9c-5fb8-a283-0154e9d003a8,,13.04
FXSUSDT,Market,,f46306f0-3b06-467b-9f74-a660f611cebe,2fb6aefa-702f-4b59-a096-b158743fe236,UNKNOWN,1742223678968,,CreateByUser,0.00055,,,1.9433,1.9425,,800,2.0404,25.349625,13.05,Trade,197725501924,Buy,,675.74,False,0.0139423,7e70e08e-d24f-56c2-9b3f-25c1c57889d2,,13.05
FXSUSDT,Market,,f46306f0-3b06-467b-9f74-a660f611cebe,2fb6aefa-702f-4b59-a096-b158743fe236,UNKNOWN,1742223678968,,CreateByUser,0.00055,,,1.9433,1.9425,,800,2.0404,25.349625,13.05,Trade,197725501924,Buy,,688.79,False,0.0139423,4dfbe81e-25d3-503c-ad47-33cea967635e,,13.05
FXSUSDT,Market,,f46306f0-3b06-467b-9f74-a660f611cebe,2fb6aefa-702f-4b59-a096-b158743fe236,UNKNOWN,1742223678968,,CreateByUser,0.00055,,,1.9433,1.9425,,800,2.0404,36.63555,18.86,Trade,197725501924,Buy,,701.84,False,0.02014956,cfbec3e9-6d7a-5fed-9515-9d7669c1cdbd,,18.86
FXSUSDT,Market,,f46306f0-3b06-467b-9f74-a660f611cebe,2fb6aefa-702f-4b59-a096-b158743fe236,UNKNOWN,1742223678968,,CreateByUser,0.00055,,,1.9433,1.9425,,800,2.0404,25.3302,13.04,Trade,197725501924,Buy,,720.7,False,0.01393161,f61577ef-90d7-59e8-86c5-c7134b1574ec,,13.04
FXSUSDT,Market,,f46306f0-3b06-467b-9f74-a660f611cebe,2fb6aefa-702f-4b59-a096-b158743fe236,UNKNOWN,1742223678968,,CreateByUser,0.00055,,,1.9433,1.9425,,800,2.0404,19.677525,10.13,Trade,197725501924,Buy,,733.74,False,0.01082264,eb35ec5b-4959-5c78-ac44-19167c13f479,,10.13
FXSUSDT,Market,,f46306f0-3b06-467b-9f74-a660f611cebe,2fb6aefa-702f-4b59-a096-b158743fe236,UNKNOWN,1742223678968,,CreateByUser,0.00055,,,1.9433,1.9425,,800,2.0404,19.405575,9.99,Trade,197725501924,Buy,,743.87,False,0.01067307,4d6d5fe4-3b4c-5783-8db7-63466608b7ef,,9.99
FXSUSDT,Market,,f46306f0-3b06-467b-9f74-a660f611cebe,2fb6aefa-702f-4b59-a096-b158743fe236,UNKNOWN,1742223678968,,CreateByUser,0.00055,,,1.9433,1.9425,,800,2.0404,19.677525,10.13,Trade,197725501924,Buy,,753.86,False,0.01082264,862a53aa-73b1-5a47-8be5-e0ebca339611,,10.13
FXSUSDT,Market,,f46306f0-3b06-467b-9f74-a660f611cebe,2fb6aefa-702f-4b59-a096-b158743fe236,UNKNOWN,1742223678968,,CreateByUser,0.00055,,,1.9433,1.9425,,800,2.0404,21.853125,11.25,Trade,197725501924,Buy,,763.99,False,0.01201922,a1abcfc4-c8ef-5dab-8da1-07e3adbbecf1,,11.25
FXSUSDT,Market,,f46306f0-3b06-467b-9f74-a660f611cebe,2fb6aefa-702f-4b59-a096-b158743fe236,UNKNOWN,1742223678968,,CreateByUser,0.00055,,,1.9433,1.9425,,800,2.0404,8.916075,4.59,Trade,197725501924,Buy,,775.24,False,0.00490385,7c40db53-542a-5499-9aee-d45441ca0d2a,,4.59
FXSUSDT,Market,,f46306f0-3b06-467b-9f74-a660f611cebe,2fb6aefa-702f-4b59-a096-b158743fe236,UNKNOWN,1742223678968,,CreateByUser,0.00055,,,1.9433,1.9425,,800,2.0404,8.916075,4.59,Trade,197725501924,Buy,,779.83,False,0.00490385,836d00af-b397-512e-bf01-262c49c000ba,,4.59
FXSUSDT,Market,,f46306f0-3b06-467b-9f74-a660f611cebe,2fb6aefa-702f-4b59-a096-b158743fe236,UNKNOWN,1742223678968,,CreateByUser,0.00055,,,1.9433,1.9425,,800,2.0404,6.9153,3.56,Trade,197725501924,Buy,,784.42,False,0.00380342,d250f0ee-c599-5b47-a1ea-8fd750153529,,3.56
FXSUSDT,Market,,f46306f0-3b06-467b-9f74-a660f611cebe,2fb6aefa-702f-4b59-a096-b158743fe236,UNKNOWN,1742223678968,,CreateByUser,0.00055,,,1.9433,1.9425,,800,2.0404,6.9153,3.56,Trade,197725501924,Buy,,787.98,False,0.00380342,b39efb3c-fb10-5a40-838c-012b7f914688,,3.56
FXSUSDT,Market,,f46306f0-3b06-467b-9f74-a660f611cebe,2fb6aefa-702f-4b59-a096-b158743fe236,UNKNOWN,1742223678968,,CreateByUser,0.00055,,,1.9433,1.9425,,800,2.0404,6.9153,3.56,Trade,197725501924,Buy,,791.54,False,0.00380342,43ef79cb-73f5-59cc-bc78-25f2c189f0d2,,3.56
FXSUSDT,Market,,f46306f0-3b06-467b-9f74-a660f611cebe,2fb6aefa-702f-4b59-a096-b158743fe236,UNKNOWN,1742223678968,,CreateByUser,0.00055,,,1.9433,1.9425,,800,2.0404,9.51825,4.9,Trade,197725501924,Buy,,795.1,False,0.00523504,f7cc3a3d-3498-5444-a6d5-7356b9a62e88,,4.9
FXSUSDT,Market,,43968ce6-fb6b-4b99-b993-1a1f018f50f2,e794f266-9035-434c-a63e-2819af6896d4,Stop,1742222378900,,CreateByStopOrder,0.00055,,,1.9407,1.9429,,200,2.0377,8.471044,4.36,Trade,197723000820,Buy,,0,False,0.00465908,84aa0997-f6c2-5897-892d-a60032ef6da9,,4.36
FXSUSDT,Market,,43968ce6-fb6b-4b99-b993-1a1f018f50f2,e794f266-9035-434c-a63e-2819af6896d4,Stop,1742222378900,,CreateByStopOrder,0.00055,,,1.9407,1.9429,,200,2.0377,10.044793,5.17,Trade,197723000820,Buy,,4.36,False,0.00552464,0ec47474-16fa-576d-887e-fc3cca2c3e96,,5.17
FXSUSDT,Market,,43968ce6-fb6b-4b99-b993-1a1f018f50f2,e794f266-9035-434c-a63e-2819af6896d4,Stop,1742222378900,,CreateByStopOrder,0.00055,,,1.9407,1.9428,,200,2.0377,140.17302,72.15,Trade,197723000820,Buy,,9.53,False,0.07709517,1dda4f7b-ed57-5e31-a471-844688888e59,,72.15
FXSUSDT,Market,,43968ce6-fb6b-4b99-b993-1a1f018f50f2,e794f266-9035-434c-a63e-2819af6896d4,Stop,1742222378900,,CreateByStopOrder,0.00055,,,1.9407,1.9428,,200,2.0377,7.518636,3.87,Trade,197723000820,Buy,,81.68,False,0.00413525,a528af32-cbf6-50cf-9f7b-e230e6e62267,,3.87
FXSUSDT,Market,,43968ce6-fb6b-4b99-b993-1a1f018f50f2,e794f266-9035-434c-a63e-2819af6896d4,Stop,1742222378900,,CreateByStopOrder,0.00055,,,1.9407,1.9428,,200,2.0377,10.044276,5.17,Trade,197723000820,Buy,,85.55,False,0.00552436,191b1763-9ebc-5c72-9a22-d2fb76271e88,,5.17
FXSUSDT,Market,,43968ce6-fb6b-4b99-b993-1a1f018f50f2,e794f266-9035-434c-a63e-2819af6896d4,Stop,1742222378900,,CreateByStopOrder,0.00055,,,1.9407,1.9427,,200,2.0377,10.043759,5.17,Trade,197723000820,Buy,,90.72,False,0.00552407,c807b16d-b9ed-5ea1-9971-1b8832a95908,,5.17
FXSUSDT,Market,,43968ce6-fb6b-4b99-b993-1a1f018f50f2,e794f266-9035-434c-a63e-2819af6896d4,Stop,1742222378900,,CreateByStopOrder,0.00055,,,1.9407,1.9426,,200,2.0377,7.517862,3.87,Trade,197723000820,Buy,,95.89,False,0.00413483,8dda68f6-e455-555d-8011-9efc515c3c0c,,3.87
FXSUSDT,Market,,43968ce6-fb6b-4b99-b993-1a1f018f50f2,e794f266-9035-434c-a63e-2819af6896d4,Stop,1742222378900,,CreateByStopOrder,0.00055,,,1.9407,1.9426,,200,2.0377,10.043242,5.17,Trade,197723000820,Buy,,99.76,False,0.00552379,dc85a1e8-ce4f-5f77-b95f-6c1a58ede9f7,,5.17
FXSUSDT,Market,,43968ce6-fb6b-4b99-b993-1a1f018f50f2,e794f266-9035-434c-a63e-2819af6896d4,Stop,1742222378900,,CreateByStopOrder,0.00055,,,1.9407,1.9425,,200,2.0377,10.042725,5.17,Trade,197723000820,Buy,,104.93,False,0.0055235,147b88f7-91f2-552f-a237-e8b27b964471,,5.17
FXSUSDT,Market,,43968ce6-fb6b-4b99-b993-1a1f018f50f2,e794f266-9035-434c-a63e-2819af6896d4,Stop,1742222378900,,CreateByStopOrder,0.00055,,,1.9407,1.9425,,200,2.0377,107.051175,55.11,Trade,197723000820,Buy,,110.1,False,0.05887815,e538a1ad-fde9-545b-bf76-07dd8d23e385,,55.11
FXSUSDT,Market,,43968ce6-fb6b-4b99-b993-1a1f018f50f2,e794f266-9035-434c-a63e-2819af6896d4,Stop,1742222378900,,CreateByStopOrder,0.00055,,,1.9407,1.9424,,200,2.0377,7.517088,3.87,Trade,197723000820,Buy,,165.21,False,0.0041344,8bc0b0a8-6a50-5d05-b506-92a170a226a2,,3.87
FXSUSDT,Market,,43968ce6-fb6b-4b99-b993-1a1f018f50f2,e794f266-9035-434c-a63e-2819af6896d4,Stop,1742222378900,,CreateByStopOrder,0.00055,,,1.9407,1.9424,,200,2.0377,10.042208,5.17,Trade,197723000820,Buy,,169.08,False,0.00552322,8db8159d-ef3e-5b45-a0df-9262512b80bd,,5.17
FXSUSDT,Market,,43968ce6-fb6b-4b99-b993-1a1f018f50f2,e794f266-9035-434c-a63e-2819af6896d4,Stop,1742222378900,,CreateByStopOrder,0.00055,,,1.9407,1.9423,,200,2.0377,50.014225,25.75,Trade,197723000820,Buy,,174.25,False,0.02750783,9a2f5e4c-8b39-53dd-a107-e9e8e304414a,,25.75
FXSUSDT,Limit,,,4f274df2-d0dc-48ad-9863-52ffa69554ce,UNKNOWN,1742209266195,,CreateByUser,0.0002,,,1.9484,1.942,,200,1.942,388.4,200,Trade,197693840556,Buy,,0,True,0.07768,e8f8a53e-af1e-5adc-9138-97f1c40f21cc,,200
FXSUSDT,UNKNOWN,,,d3547254-941c-4789-a963-431ebd059264,UNKNOWN,1742198400000,,,-0.000029,,,1.9318,1.9316,,0,0,2317.92,0,Funding,197676140235,Sell,,0,False,-0.06923628,8de6b1c8-05a6-4194-8599-1211565f4935,,1200
HYPEUSDT,UNKNOWN,,,db3ed416-2e9e-45b2-8f0f-91eff5129e15,UNKNOWN,1742198400000,,,0.0001,,,13.605,13.605,,0,0,367.335,0,Funding,24155744535,Buy,,0,False,0.0367335,8932f35e-aaee-4b78-bfb9-cca47251608e,,27
FXSUSDT,UNKNOWN,,,ad7e77a5-970d-45a0-be8f-db566f1e905d,UNKNOWN,1742169600000,,,0.000032,,,1.8861,1.8861,,0,0,2263.32,0,Funding,197631785720,Sell,,0,False,0.0743048,c4e91554-d066-4540-94d8-3bcab1d175af,,1200
HYPEUSDT,UNKNOWN,,,20768b22-01ab-4f3b-affe-11f0dc9e1f42,UNKNOWN,1742169600000,,,0.000155,,,12.983,12.983,,0,0,350.541,0,Funding,24119532028,Buy,,0,False,0.05441098,d4c35a59-0f80-46d8-ba2c-de8e89a95b55,,27
FXSUSDT,Limit,,ed09abdb-874d-4719-b15b-47573871113a,4035cfe1-4f44-4603-bda9-ab9a2843c50b,UNKNOWN,1742148145470,,CreateByUser,0.0002,,,1.9508,1.95,,1000,1.95,1950,1000,Trade,197598720057,Buy,,0,True,0.39,a4fff742-c2da-552c-99c4-0bb79ac5ea92,,1000
FXSUSDT,UNKNOWN,,,8a3b4b6c-86d6-4e02-a057-50775d396eb6,UNKNOWN,1742140800000,,,0.000306,,,1.9562,1.9562,,0,0,4303.64,0,Funding,197581209963,Sell,,0,False,1.32117445,e2dbff32-7be6-47a7-999c-3910a28d94db,,2200
HYPEUSDT,UNKNOWN,,,84ff5683-836f-451b-8c4d-09280fa778fd,UNKNOWN,1742140800000,,,0.000356,,,13.391,13.391,,0,0,361.557,0,Funding,24073204342,Buy,,0,False,0.12877576,1eaa0c31-8eca-40fa-aa11-c648f386819a,,27
FXSUSDT,Limit,,c9b243cf-3301-44d0-bd30-bd9125993b5c,41c497e6-5424-4fe3-b446-2b094fd9241d,UNKNOWN,1742118419311,,CreateByUser,0.0002,,,1.9761,1.98,,2200,1.98,2128.005,0,Trade,197536878033,Sell,,0,True,0.425601,757b0c1e-230b-5cbd-9593-ef3d24c55533,,1074.75
FXSUSDT,Limit,,c9b243cf-3301-44d0-bd30-bd9125993b5c,41c497e6-5424-4fe3-b446-2b094fd9241d,UNKNOWN,1742118419306,,CreateByUser,0.0002,,,1.9761,1.98,,2200,1.98,91.476,0,Trade,197536877946,Sell,,1074.75,True,0.0182952,9555cc19-824d-5798-915a-b241de7ef9e0,,46.2
FXSUSDT,UNKNOWN,,,82bc2b21-9dcf-4ee5-b59a-cdafc024ea6e,UNKNOWN,1742112000000,,,0.000657,,,1.9394,1.9394,,0,0,2092.70957,0,Funding,197526359346,Sell,,0,False,1.3759984,ee6e7a9c-1fe6-4222-985c-9bc116a75406,,1079.05
HYPEUSDT,UNKNOWN,,,bb76ea91-7d95-4c7c-a895-7b0494cbccd4,UNKNOWN,1742112000000,,,0.000481,,,13.82,13.82,,0,0,373.14,0,Funding,24020799050,Buy,,0,False,0.17954378,086ea880-d005-4277-a059-881f68a2c574,,27
FXSUSDT,Limit,,c9b243cf-3301-44d0-bd30-bd9125993b5c,41c497e6-5424-4fe3-b446-2b094fd9241d,UNKNOWN,1742091849087,,CreateByUser,0.0002,,,1.967,1.98,,2200,1.98,40.392,0,Trade,197501944908,Sell,,1120.95,True,0.0080784,22483043-df2e-589a-adaf-46e81f65b38e,,20.4
FXSUSDT,Limit,,c9b243cf-3301-44d0-bd30-bd9125993b5c,41c497e6-5424-4fe3-b446-2b094fd9241d,UNKNOWN,1742091849087,,CreateByUser,0.0002,,,1.967,1.98,,2200,1.98,2096.127,0,Trade,197501944906,Sell,,1141.35,True,0.4192254,44c0f2e8-1e11-59e1-af45-e43fb233dba9,,1058.65
HYPEUSDT,UNKNOWN,,,170a89a7-b573-424b-a138-77a62219d730,UNKNOWN,1742083200000,,,0.0001,,,14.394,14.394,,0,0,388.638,0,Funding,23978665939,Buy,,0,False,0.0388638,8f501d35-78a5-4098-b8b0-9f31cdbf25b4,,27
HYPEUSDT,UNKNOWN,,,c5351f39-b1ca-407f-bb31-d12191dde2d6,UNKNOWN,1742054400000,,,0.0001,,,14.543,14.544,,0,0,392.688,0,Funding,23929057552,Buy,,0,False,0.0392688,078e51f7-425a-428e-bca3-de4d8756882c,,27
HYPEUSDT,UNKNOWN,,,fb89ef6f-7147-48b1-93a4-5182198debef,UNKNOWN,1742025600000,,,0.000105,,,14.394,14.394,,0,0,388.638,0,Funding,23879676417,Buy,,0,False,0.04109459,62ab4790-7754-44ef-aab5-41cb2215244f,,27
HYPEUSDT,UNKNOWN,,,5fca7174-e3f2-4b79-9b93-6e31732eb7eb,UNKNOWN,1741996800000,,,0.000279,,,13.799,13.799,,0,0,372.573,0,Funding,23836873975,Buy,,0,False,0.10404102,05350275-499c-451a-852a-149c6a0b738d,,27
HYPEUSDT,UNKNOWN,,,f0354fd4-02d3-4b01-ae13-33e59c801020,UNKNOWN,1741968000000,,,0.0001,,,14.286,14.286,,0,0,385.722,0,Funding,23786985280,Buy,,0,False,0.0385722,0c7b4afb-a61e-44e7-af59-ae757daceddd,,27
APTUSDT,Market,,50dcd429-98f8-409e-99cd-06364a81166f,d2439b7a-326d-4511-966a-6ff19d9e47e0,Stop,1741951512187,,CreateByStopOrder,0.00055,,,5.2457,5.247,,200,5.507,543.22191,103.53,Trade,197291541820,Buy,,0,False,0.29877206,8917f6a9-c735-5c52-aff7-d14883ce21f9,,103.53
APTUSDT,Market,,50dcd429-98f8-409e-99cd-06364a81166f,d2439b7a-326d-4511-966a-6ff19d9e47e0,Stop,1741951512187,,CreateByStopOrder,0.00055,,,5.2457,5.247,,200,5.507,387.01872,73.76,Trade,197291541820,Buy,,103.53,False,0.2128603,bf5139cc-2d34-537d-8207-6f4ede5f0809,,73.76
APTUSDT,Market,,50dcd429-98f8-409e-99cd-06364a81166f,d2439b7a-326d-4511-966a-6ff19d9e47e0,Stop,1741951512187,,CreateByStopOrder,0.00055,,,5.2457,5.247,,200,5.507,119.15937,22.71,Trade,197291541820,Buy,,177.29,False,0.06553766,7d14d7a9-cde0-508d-a178-4036836d68b5,,22.71
HYPEUSDT,UNKNOWN,,,39b4c32f-95dc-4665-957c-5588c9491dda,UNKNOWN,1741939200000,,,0.0001,,,13.685,13.685,,0,0,369.495,0,Funding,23725493914,Buy,,0,False,0.0369495,32f504e0-3169-4fbf-9525-931ec071a418,,27
APTUSDT,UNKNOWN,,,25c56308-014b-4179-a7df-19993525fbcc,UNKNOWN,1741939200000,,,0.000099,,,5.1376,5.1349,,0,0,1026.98,0,Funding,197277427391,Sell,,0,False,0.1025645,136f6d97-d0c8-4b5f-a950-8df7400e19c4,,200
